{
  "mainState": 1,
  "playerPos": [
    931.225037,
    31.4745083,
    0.8305262
  ],
  "playerRot": [
    -3.15346279E-06,
    311.000061,
    4.69099717E-07
  ],
  "playerHealth": 30000,
  "playerAmmoCounts": [
    180,
    180,
    54,
    12,
    30
  ],
  "playerCurrentAmmoCounts": [
    17,
    30,
    9,
    2,
    5
  ],
  "currentWeaponIndex": 0,
  "vehiclePos": [
    903.6,
    31.31776,
    40.9979858
  ],
  "vehicleRot": [
    -0.0005372237,
    270.000061,
    0.06669556
  ],
  "vehicleVelocity": [
    0.0,
    0.0,
    0.0
  ],
  "vehicleAngularVelocity": [
    0.0,
    0.0,
    0.0
  ],
  "vehicleHealth": 3500,
  "enemyPoses": [
    [
      [
        727.86,
        1.36499977,
        -492.789948
      ],
      [
        728.3,
        1.36499977,
        -481.949951
      ],
      [
        728.3,
        1.36499977,
        -475.959961
      ],
      [
        750.8,
        16.5649776,
        -500.679962
      ],
      [
        705.9,
        22.4049969,
        -454.73996
      ],
      [
        735.94,
        1.36499977,
        -475.959961
      ],
      [
        734.38,
        5.71925735,
        -453.039978
      ],
      [
        735.318054,
        5.00385475,
        -462.338837
      ]
    ],
    [
      [
        347.3,
        16.3622532,
        -364.1
      ],
      [
        347.3,
        16.3622532,
        -369.23
      ],
      [
        336.94,
        16.3622532,
        -398.22
      ],
      [
        337.5,
        16.3622532,
        -402.9
      ],
      [
        345.269958,
        16.3622532,
        -408.6
      ],
      [
        307.0,
        30.7649956,
        -409.6
      ],
      [
        346.54,
        30.7649956,
        -344.73
      ],
      [
        351.030029,
        16.3622532,
        -393.65
      ]
    ],
    [
      [
        7.69000244,
        26.3604221,
        -424.14
      ],
      [
        10.8000031,
        26.3604221,
        -426.63
      ],
      [
        13.25,
        26.3604221,
        -430.27002
      ],
      [
        17.0400085,
        26.3604221,
        -435.430023
      ],
      [
        0.7000027,
        41.5604172,
        -403.400024
      ],
      [
        18.3800011,
        41.5604172,
        -463.06
      ],
      [
        19.4100037,
        26.3604221,
        -440.0
      ],
      [
        22.0899963,
        26.3604221,
        -444.840027
      ]
    ],
    [
      [
        0.6799927,
        21.36134,
        -79.6300049
      ],
      [
        5.209991,
        21.36134,
        -82.25
      ],
      [
        4.49999952,
        21.36134,
        -89.0999756
      ],
      [
        5.389999,
        21.36134,
        -96.8599854
      ],
      [
        -2.00999451,
        21.36134,
        -107.179993
      ],
      [
        -10.1000061,
        21.36134,
        -113.399963
      ],
      [
        3.22999525,
        21.36134,
        -113.340027
      ],
      [
        -2.199997,
        21.36134,
        -123.200012
      ],
      [
        23.59999,
        21.36134,
        -78.1500244
      ],
      [
        34.1999969,
        21.36134,
        -60.2999878
      ],
      [
        1.58999729,
        36.5613251,
        -155.37
      ],
      [
        36.8,
        36.5613251,
        -119.6
      ],
      [
        4.80000067,
        36.5613251,
        -38.6999969
      ]
    ]
  ],
  "enemyHealths": [
    [
      300,
      300,
      300,
      300,
      300,
      300,
      300,
      300
    ],
    [
      300,
      300,
      300,
      300,
      300,
      300,
      300,
      300
    ],
    [
      300,
      300,
      300,
      300,
      300,
      300,
      300,
      300
    ],
    [
      300,
      300,
      300,
      300,
      300,
      300,
      300,
      300,
      300,
      300,
      300,
      300,
      300
    ]
  ],
  "enemyAmmoCounts": [
    [
      [
        0,
        150,
        45,
        0,
        0
      ],
      [
        0,
        150,
        45,
        0,
        0
      ],
      [
        0,
        150,
        45,
        0,
        0
      ],
      [
        0,
        0,
        72,
        0,
        40
      ],
      [
        0,
        0,
        72,
        0,
        40
      ],
      [
        0,
        0,
        45,
        10,
        0
      ],
      [
        150,
        0,
        45,
        0,
        0
      ],
      [
        150,
        0,
        45,
        0,
        0
      ]
    ],
    [
      [
        150,
        0,
        45,
        0,
        0
      ],
      [
        150,
        0,
        45,
        0,
        0
      ],
      [
        150,
        0,
        45,
        0,
        0
      ],
      [
        0,
        0,
        45,
        10,
        0
      ],
      [
        0,
        150,
        45,
        0,
        0
      ],
      [
        0,
        0,
        45,
        0,
        25
      ],
      [
        0,
        0,
        45,
        0,
        25
      ],
      [
        0,
        0,
        45,
        10,
        0
      ]
    ],
    [
      [
        0,
        150,
        45,
        0,
        0
      ],
      [
        0,
        150,
        45,
        0,
        0
      ],
      [
        0,
        150,
        45,
        0,
        0
      ],
      [
        0,
        0,
        45,
        10,
        0
      ],
      [
        0,
        0,
        45,
        0,
        25
      ],
      [
        0,
        0,
        45,
        10,
        0
      ],
      [
        0,
        0,
        45,
        10,
        0
      ],
      [
        150,
        0,
        45,
        0,
        0
      ]
    ],
    [
      [
        0,
        150,
        45,
        0,
        0
      ],
      [
        0,
        0,
        45,
        10,
        0
      ],
      [
        0,
        150,
        45,
        0,
        0
      ],
      [
        0,
        0,
        45,
        10,
        0
      ],
      [
        0,
        150,
        45,
        0,
        0
      ],
      [
        0,
        0,
        45,
        10,
        0
      ],
      [
        0,
        150,
        45,
        0,
        0
      ],
      [
        150,
        0,
        45,
        0,
        0
      ],
      [
        0,
        150,
        45,
        0,
        0
      ],
      [
        0,
        150,
        45,
        0,
        0
      ],
      [
        0,
        0,
        45,
        0,
        25
      ],
      [
        0,
        0,
        45,
        0,
        25
      ],
      [
        0,
        0,
        45,
        0,
        25
      ]
    ]
  ],