{
  "playerPos": [
    706.7457,
    1.48000586,
    -417.555176
  ],
  "playerRot": [
    -4.91851324E-06,
    128.5,
    -1.23966593E-05
  ],
  "playerHealth": 29638,
  "playerAmmoCounts": [
    180,
    180,
    54,
    6,
    30
  ],
  "currentWeaponIndex": 3,
  "vehiclePos": [
    675.9341,
    1.32430124,
    -386.7458
  ],
  "vehicleRot": [
    -2.946344E-07,
    197.929077,
    -0.000304963061
  ],
  "vehicleHealth": 3500,
  "enemyPoses": [
    [
      [
        707.2722,
        1.479972,
        -415.291443
      ],
      [
        714.657654,
        1.48,
        -420.6416
      ],
      [
        707.5534,
        1.48,
        -416.408478
      ],
      [
        719.750854,
        16.6799812,
        -411.666656
      ]
    ],
    null,
    null,
    null
  ],
  "enemyHealths": [
    [
      -234,
      278,
      8,
      300
    ],
    null,
    null,
    null
  ],
  "enemyAmmoCounts": [
    [
      [
        0,
        150,
        45,
        0,
        0
      ],
      [
        0,
        142,
        45,
        0,
        0
      ],
      [
        0,
        133,
        45,
        0,
        0
      ],
      [
        0,
        0,
        45,
        0,
        25
      ]
    ],
    null,
    null,
    null
  ],
  "campsAlerted": [
    true,
    false,
    false,
    false
  ]
}