{
  "playerPos": [
    714.1312,
    23.1343384,
    -49.4334641
  ],
  "playerRot": [
    2.672699E-07,
    216.000061,
    -6.59489024E-06
  ],
  "playerHealth": 30000,
  "playerAmmoCounts": [
    270,
    270,
    81,
    18,
    45
  ],
  "currentWeaponIndex": 0,
  "vehiclePos": [
    709.8941,
    21.3099022,
    -66.7079239
  ],
  "vehicleRot": [
    0.343063027,
    269.9955,
    0.191749319
  ],
  "vehicleHealth": 3500,
  "enemyPoses": [
    [
      [
        679.0,
        4.07832146,
        -436.0
      ],
      [
        681.79,
        1.365,
        -423.28
      ],
      [
        681.79,
        1.365,
        -417.29
      ],
      [
        722.95,
        16.56498,
        -407.86
      ]
    ],
    null,
    null,
    null
  ],
  "enemyHealths": [
    [
      300,
      300,
      300,
      300
    ],
    null,
    null,
    null
  ],
  "enemyAmmoCounts": [
    [
      [
        0,
        150,
        45,
        0,
        0
      ],
      [
        0,
        150,
        45,
        0,
        0
      ],
      [
        0,
        150,
        45,
        0,
        0
      ],
      [
        0,
        0,
        45,
        0,
        25
      ]
    ],
    null,
    null,
    null
  ],
  "campsAlerted": [
    false,
    false,
    false,
    false
  ],
  "interactablesTaken": [
    true,
    true
  ],
  "envObjectsDestroyed": null
}